썸네일 이미지 주소,타이틀,작가명,평점
https://image-comic.pstatic.net/webtoon/758037/thumbnail/thumbnail_IMAG21_15cb2611-34c0-4f02-a689-41d0b1016579.jpg,참교육,채용택 / 한가람,9.89
https://image-comic.pstatic.net/webtoon/817859/thumbnail/thumbnail_IMAG21_7479316a-1fca-40d6-9d8e-455f8b2fb0db.jpg,왕과의 야행,보리,9.98
https://image-comic.pstatic.net/webtoon/822657/thumbnail/thumbnail_IMAG21_99e49512-e05d-48c3-846d-d898f78523df.jpg,환생천마,JP / 부겸 / 장영훈,9.95
https://image-comic.pstatic.net/webtoon/796075/thumbnail/thumbnail_IMAG21_31f75c4c-81c9-454a-8d92-9e23b577e1a5.jpg,절대검감,김두루미 / 티아이 / 한중월야,9.95
https://image-comic.pstatic.net/webtoon/602910/thumbnail/thumbnail_IMAG21_bf4e0c4d-5ddc-4117-b070-7cb3f2126ed8.jpg,윈드브레이커,조용석,9.84
https://image-comic.pstatic.net/webtoon/733074/thumbnail/thumbnail_IMAG21_80df3e76-47af-4007-b57c-e8f2830835e5.jpg,백수세끼,치즈,9.86
https://image-comic.pstatic.net/webtoon/774866/thumbnail/thumbnail_IMAG21_b03cd4bd-bc74-4469-a501-20896bcc887f.jpg,똑 닮은 딸,이담,9.98
https://image-comic.pstatic.net/webtoon/654774/thumbnail/thumbnail_IMAG21_1209b520-bcd9-4031-b76f-bc8a7f5527fd.jpg,소녀의 세계,모랑지,9.92
https://image-comic.pstatic.net/webtoon/822573/thumbnail/thumbnail_IMAG21_d5b20239-59d8-4274-85ef-3d096420738c.jpg,귀촌리,황양 / 이대한,9.96
https://image-comic.pstatic.net/webtoon/834886/thumbnail/thumbnail_IMAG21_3a360149-06bd-4238-b9b6-5b4e6dc80420.jpg,노곤하개 쇼츠,홍끼,9.98
https://image-comic.pstatic.net/webtoon/832703/thumbnail/thumbnail_IMAG21_1dab240b-fafb-472a-8b42-966f40f8fdc0.jpg,시한부 천재가 살아남는 법,JP / 윤승기 / 청시소,9.92
https://image-comic.pstatic.net/webtoon/795297/thumbnail/thumbnail_IMAG21_faf34882-b740-4901-9431-82b4a9c7ad71.jpg,신화급 귀속 아이템을 손에 넣었다,판테라 / 헤스 / 정선율,9.81
https://image-comic.pstatic.net/webtoon/821195/thumbnail/thumbnail_IMAG21_4eff0192-8237-4ec7-b74c-bd66cfd25d51.jpg,회귀한 공작가의 막내도련님은 암살자,스윙뱃 / 커피라임,9.92
https://image-comic.pstatic.net/webtoon/796867/thumbnail/thumbnail_IMAG21_fc03c47f-5289-4c54-b3eb-718592ce8309.jpg,버림받은 왕녀의 은밀한 침실,혜니 / 성혜림,9.95
https://image-comic.pstatic.net/webtoon/827322/thumbnail/thumbnail_IMAG21_4a4bd0df-498c-4dd9-91e2-e5592487f38e.jpg,무벌전,노백,9.94
https://image-comic.pstatic.net/webtoon/807775/thumbnail/thumbnail_IMAG21_0ee25b80-a8ce-4d15-a241-679c9780a157.jpg,천재 타자가 강속구를 숨김,"황지성 / 스튜디오MW, 김성은 / 이블라인",9.90
https://image-comic.pstatic.net/webtoon/806189/thumbnail/thumbnail_IMAG21_4404619f-4a23-4257-bff8-09a849cb575b.jpg,별난식당,HO9,9.95
https://image-comic.pstatic.net/webtoon/813552/thumbnail/thumbnail_IMAG21_d7106631-d475-4195-a4dc-2b006dfaff6c.jpg,우아한 욕망,김종건,9.91
https://image-comic.pstatic.net/webtoon/817945/thumbnail/thumbnail_IMAG21_c90a6d9e-3df5-41c4-b11a-7c6e61a89174.jpg,어린이집 다니는 구나,구나,9.98
https://image-comic.pstatic.net/webtoon/833702/thumbnail/thumbnail_IMAG21_4bbdd9e4-6f86-415b-a994-4ba90a6962db.jpg,파브르 in 사천당가,지대공마법소년 / 크라켄 / 에르훗,9.95
https://image-comic.pstatic.net/webtoon/837659/thumbnail/thumbnail_IMAG21_6f1f4ac2-fe69-494a-b175-fc5447f5a54f.jpg,이직로그,우시목 / 이하안,9.96
https://image-comic.pstatic.net/webtoon/836833/thumbnail/thumbnail_IMAG21_a975a707-5678-4cc2-ab05-986433b3e1f1.jpg,통제구역관리부,탄광,9.96
https://image-comic.pstatic.net/webtoon/835082/thumbnail/thumbnail_IMAG21_9fdbaac9-382c-4359-945b-7cea8799231c.jpg,연애리뷰,평강 / 라희,9.88
https://image-comic.pstatic.net/webtoon/826348/thumbnail/thumbnail_IMAG21_0e5ca254-07ed-4b5c-a4b8-5dc8fab9ecdb.jpg,잘 헤어지는 방법,강문송 / 1172,9.94
https://image-comic.pstatic.net/webtoon/832243/thumbnail/thumbnail_IMAG21_10198941-e7d8-4a0e-abc5-cabc6759cca9.jpg,"정신 차려, 전승연",제민,9.72
https://image-comic.pstatic.net/webtoon/805702/thumbnail/thumbnail_IMAG21_d862f8dd-6f21-4abf-a51c-7e00128aaae4.jpg,토마토가 돼라!,뮤리,9.98
https://image-comic.pstatic.net/webtoon/818780/thumbnail/thumbnail_IMAG21_efee8e2a-e58e-420c-a0ed-c209f4981c13.jpg,영업 천재가 되었다,혜림 / 댄킴,9.93
https://image-comic.pstatic.net/webtoon/768536/thumbnail/thumbnail_IMAG21_06774772-8958-4f9b-ad2c-895567ec11bc.jpg,잔불의 기사,환댕,9.96
https://image-comic.pstatic.net/webtoon/825332/thumbnail/thumbnail_IMAG21_2ed9c081-22b0-4fd5-8670-8f0dcd0ed578.jpg,아포칼립스에 집을 숨김,DD / 송지형 / 로드워리어,9.82
https://image-comic.pstatic.net/webtoon/834686/thumbnail/thumbnail_IMAG21_5e172696-336b-43c3-968b-49af69efa5b7.jpg,시리도록 불꽃처럼,김인호 / 유진성,9.84
https://image-comic.pstatic.net/webtoon/834261/thumbnail/thumbnail_IMAG21_4493e83f-91d2-4631-933c-1fcefe9900b7.jpeg,최악의 세대,"광산, MAJOR",9.90
https://image-comic.pstatic.net/webtoon/21815/thumbnail/thumbnail_IMAG21_7292511306663934265.jpg,히어로메이커,빤쓰,9.93
https://image-comic.pstatic.net/webtoon/829195/thumbnail/thumbnail_IMAG21_70e13aca-ac81-4e47-b856-6c5d8651a0c5.jpg,우주천마 3077,산하 / 김대영 / 녹색여우,9.61
https://image-comic.pstatic.net/webtoon/828167/thumbnail/thumbnail_IMAG21_f2b97f04-93f5-4bef-ac3b-7f407cba53f8.jpg,구야는 신입,구야,9.93
https://image-comic.pstatic.net/webtoon/838708/thumbnail/thumbnail_IMAG21_3cb4dbaa-82a7-4236-882e-2b2ca5797c05.jpg,삽가능,"이노우 / 김세훈, 스튜디오 호호이",7.88
https://image-comic.pstatic.net/webtoon/826381/thumbnail/thumbnail_IMAG21_6cdb8ebe-db83-489c-8dc9-a6a619a0efdd.jpg,피폐물을 힐링물로 만드는 방법,류호 / 양담 / 황도톨,9.97
https://image-comic.pstatic.net/webtoon/814594/thumbnail/thumbnail_IMAG21_64b87287-fc72-44d5-96e8-e3b9d6e7573e.jpg,개같이 탈출,갬쟈,9.94
https://image-comic.pstatic.net/webtoon/837999/thumbnail/thumbnail_IMAG21_267eb013-dbe7-48ba-bdc3-4a1cd10612cd.jpg,프로젝트 마르스,영주,9.86
https://image-comic.pstatic.net/webtoon/836812/thumbnail/thumbnail_IMAG21_59834709-68d1-4d1d-9865-6e5ab4453f1d.jpg,회귀했는데 세상이 안 망함,손병준 / 넴가 / 선우,9.71
https://image-comic.pstatic.net/webtoon/820897/thumbnail/thumbnail_IMAG21_90f68f1d-cc97-4357-b7e8-de994918ff8d.jpg,마왕을 그만둔 이유,김대일 / 이상혁,9.86
https://image-comic.pstatic.net/webtoon/828365/thumbnail/thumbnail_IMAG21_70c61676-5829-4aea-8ce3-99b9c2a4a65e.jpg,위험하지 않아요 NPC씨,미라주,9.97
https://image-comic.pstatic.net/webtoon/783535/thumbnail/thumbnail_IMAG21_4b6a83cd-a5e9-408f-bbac-244f25240394.jpg,제왕,"김남규 / 애풍, 아쿠아콘",9.87
https://image-comic.pstatic.net/webtoon/769663/thumbnail/thumbnail_IMAG21_935bf47d-9219-4f45-8a58-d5a7af13ce51.jpg,더블클릭,"박수봉, 김장훈 / 박수봉",9.93
https://image-comic.pstatic.net/webtoon/834006/thumbnail/thumbnail_IMAG21_f6740333-7e39-4080-84a3-76e275d45b99.jpg,벤타블랙,"신신성, MAJOR / 신신성",9.76
https://image-comic.pstatic.net/webtoon/838532/thumbnail/thumbnail_IMAG21_5051a752-fe3c-49dc-8efc-eb801f77539b.jpg,지유지요,용현동,9.91
https://image-comic.pstatic.net/webtoon/837522/thumbnail/thumbnail_IMAG21_da92a422-7cbd-4f1d-b96b-0d370315304e.jpg,닥터아미,김민소,9.44
https://image-comic.pstatic.net/webtoon/823190/thumbnail/thumbnail_IMAG21_7e4185fa-4b5c-44e5-ba21-b39e2ab5c22b.jpg,K학원 생존기,양아최,9.95
https://image-comic.pstatic.net/webtoon/838065/thumbnail/thumbnail_IMAG21_7241efa9-e54e-4682-a0f8-d128303ab1c7.jpg,청소하러 왔어요,뻥,9.93
https://image-comic.pstatic.net/webtoon/817365/thumbnail/thumbnail_IMAG21_f60d4626-86f6-4ed4-aad0-6bd806f91043.jpg,악당 가족이 독립을 반대한다,밋츄 / 하티 / 이흰,9.97
https://image-comic.pstatic.net/webtoon/824890/thumbnail/thumbnail_IMAG21_e3251466-4816-45f3-ac08-e9bb77128367.jpg,폭력의 왕,LICO / 한경찬,9.82
https://image-comic.pstatic.net/webtoon/752414/thumbnail/thumbnail_IMAG21_39403770-832d-4c35-8e3e-97ab1c4934a1.jpg,리턴 투 플레이어,레포 / 세혼 / 인덱스,9.93
https://image-comic.pstatic.net/webtoon/835553/thumbnail/thumbnail_IMAG21_e761dae6-e8b2-4b1f-b813-92b730c6d620.jpg,비서실세,정미 / 로즈빈,9.90
https://image-comic.pstatic.net/webtoon/828127/thumbnail/thumbnail_IMAG21_8acf9334-4bb4-46f3-9754-c978427cda1e.jpg,황후의 짐승간택,LICO / 꿀밤비,9.87
https://image-comic.pstatic.net/webtoon/814781/thumbnail/thumbnail_IMAG21_eda09ada-fee2-418c-ad37-b9f430471242.jpg,미친 재능의 플레이어,S-Nanyc / 호라칸 / 체나,9.83
https://image-comic.pstatic.net/webtoon/836785/thumbnail/thumbnail_IMAG21_da917c41-1795-48c7-af94-27becac16cef.jpg,폐황후 마리아,하브린 / 과자 / 강희자매,9.73
https://image-comic.pstatic.net/webtoon/838569/thumbnail/thumbnail_IMAG21_35921cbc-780d-41c5-9c4a-6c1d637646a4.jpg,해피 페이스,이저녁,9.87
https://image-comic.pstatic.net/webtoon/835194/thumbnail/thumbnail_IMAG21_e1f9b22b-8cf1-4db1-8723-0718b3595f46.jpg,소소한 기행,넛찌,9.92
https://image-comic.pstatic.net/webtoon/823022/thumbnail/thumbnail_IMAG21_737205aa-1c2d-4ac9-aec8-adc04c40b8ab.jpg,막장 악녀,LICO / 사야,9.96
https://image-comic.pstatic.net/webtoon/835698/thumbnail/thumbnail_IMAG21_57e64b96-b473-4c21-8aa6-2c50c3735005.jpg,ZD,조석,9.94
https://image-comic.pstatic.net/webtoon/834548/thumbnail/thumbnail_IMAG21_03bce341-c90f-42fd-afc7-e297db2d14a8.jpg,시간을 돌아온 황후의 납치 결혼,그리온 / 신은예,9.94
https://image-comic.pstatic.net/webtoon/827160/thumbnail/thumbnail_IMAG21_dd154be9-ff45-4fef-bee5-f484a14463fe.jpg,기생몽,닺,9.72
https://image-comic.pstatic.net/webtoon/838556/thumbnail/thumbnail_IMAG21_cc502437-371b-42ac-ad21-50e56c1da536.jpg,불완전한 이혼의 결말,진원 / 가은 / 라솔레,9.92
https://image-comic.pstatic.net/webtoon/833596/thumbnail/thumbnail_IMAG21_7a1664fe-4adc-46c0-aab8-29dd07664bf5.jpg,모솔대첩,진자 / 정생,9.81
https://image-comic.pstatic.net/webtoon/829714/thumbnail/thumbnail_IMAG21_0ea0b576-241a-4036-b37b-cde80f9a4634.jpg,타이탄,네온비 / 장구,9.76
https://image-comic.pstatic.net/webtoon/768534/thumbnail/thumbnail_IMAG21_3dd88e24-0aea-48bb-96fd-571ffc63661c.jpg,수영만화일기,해오,9.91
https://image-comic.pstatic.net/webtoon/818668/thumbnail/thumbnail_IMAG21_d8573ab3-e412-4f5f-b36c-e9116e0af93c.jpg,보스리턴,양세준,9.88
https://image-comic.pstatic.net/webtoon/833908/thumbnail/thumbnail_IMAG21_0e5f1f31-96ef-4e53-b42d-509c7c3bec11.jpg,제국 최고의 악녀를 사랑하게 되었습니다,"아지 / 아츠시, Perlacot",9.96
https://image-comic.pstatic.net/webtoon/756140/thumbnail/thumbnail_IMAG21_50527917-4994-43dd-a584-8dfbe29094d2.jpg,라서드,감람,9.97
https://image-comic.pstatic.net/webtoon/820800/thumbnail/thumbnail_IMAG21_29079d87-ed89-4448-814b-dd7f54f2cf80.jpg,다육이는 잘 자란다,도국,9.96
https://image-comic.pstatic.net/webtoon/834181/thumbnail/thumbnail_IMAG21_7ad47e5b-4d2f-468d-832c-8ea57f278c60.jpg,연애보다 결혼,카이루니사 / VBi / 체리고,9.83
https://image-comic.pstatic.net/webtoon/734574/thumbnail/thumbnail_IMAG21_8688bbf6-1067-465b-9070-4fef7c1ab1cd.jpg,영앤리치가 아니야!,최삡뺩,9.96
https://image-comic.pstatic.net/webtoon/834511/thumbnail/thumbnail_IMAG21_34c69a2c-088a-44c2-93d1-e899c1881b47.jpg,트럭기사 태그배 경,마자,9.96
https://image-comic.pstatic.net/webtoon/834372/thumbnail/thumbnail_IMAG21_8152c5f1-76e9-4981-beb7-7e52505a66f3.jpg,황태자의 소꿉친구로 살아남기,LICO / 한빈 / 비첼,9.89
https://image-comic.pstatic.net/webtoon/814566/thumbnail/thumbnail_IMAG21_eec265ab-e28c-4d6e-92f8-36c37585a0d9.jpg,제국 제일의 상속녀가 되었습니다,한강 / 요정용,9.93
https://image-comic.pstatic.net/webtoon/814116/thumbnail/thumbnail_IMAG21_ad8a72e1-1ffa-4068-8e4c-ad524c59dfe5.jpg,악녀교실,즛호,9.94
https://image-comic.pstatic.net/webtoon/803518/thumbnail/thumbnail_IMAG21_f41d66d4-7f17-49c2-b32c-cff3e872476b.jpg,서브 남주가 파업하면 생기는 일,해민 / 창대 / 숙임,9.96
https://image-comic.pstatic.net/webtoon/819202/thumbnail/thumbnail_IMAG21_a158cef6-6248-42ee-bce7-8f4f57fc0d5f.jpg,두 번째 삶은 힐링라이프?,당토,9.91
https://image-comic.pstatic.net/webtoon/837688/thumbnail/thumbnail_IMAG21_16147df9-d099-487f-b81f-65e39d56106d.jpg,호러맨스,-2℃,9.92
https://image-comic.pstatic.net/webtoon/831547/thumbnail/thumbnail_IMAG21_8603cb39-e522-474d-a19f-4e36aaff18fa.jpg,아직 제목 없음,주영현,9.94
https://image-comic.pstatic.net/webtoon/824208/thumbnail/thumbnail_IMAG21_ed550ba8-f0a1-40d5-8fd3-bbbbd1c10e21.jpg,솔로스쿨,랑쓰 / 승9,9.92
https://image-comic.pstatic.net/webtoon/822193/thumbnail/thumbnail_IMAG21_69615f2c-f23a-41af-967c-0164f1ebc9a8.jpg,녹빛자정의 연인,백작,9.97
https://image-comic.pstatic.net/webtoon/832104/thumbnail/thumbnail_IMAG21_6f73a57c-6a4f-40fc-9ccb-cc8619a7d8a9.jpg,게임마스터,둥치 / Akaogi Seki,9.52
https://image-comic.pstatic.net/webtoon/804782/thumbnail/thumbnail_IMAG21_4d2487bf-820c-4a8d-9008-1c558ac30d3c.jpg,악당과 악당이 만나면,삵 / 쏘가리 / 임하얌,9.96
https://image-comic.pstatic.net/webtoon/828103/thumbnail/thumbnail_IMAG21_5d02a40f-6835-4eb3-93ac-7d387f1beba1.jpg,러브 로스팅,이순기 / 이예린,9.90
https://image-comic.pstatic.net/webtoon/819698/thumbnail/thumbnail_IMAG21_3376cf6c-a620-4782-a002-24ea6910771d.jpg,나의 보이소프렌드,망공이,9.96
https://image-comic.pstatic.net/webtoon/817019/thumbnail/thumbnail_IMAG21_22cf1c1b-376e-40ee-b643-a48db411247a.jpg,날 먹는 건 금지양!,조9,9.97
https://image-comic.pstatic.net/webtoon/819983/thumbnail/thumbnail_IMAG21_e7252603-401a-4010-b779-19308ae4968e.jpg,내가 왜 킬러?!,규잉,9.94
https://image-comic.pstatic.net/webtoon/818528/thumbnail/thumbnail_IMAG21_ffae7480-967e-4224-ac66-ca83dd1d7c42.jpg,공녀님의 꽃밭에는 그들이 산다,개굴 / 영락 / 고겨울,9.89
https://image-comic.pstatic.net/webtoon/808760/thumbnail/thumbnail_IMAG21_1d65caac-a10d-44c5-b49d-ef1ac0b95a17.jpg,어쌔신 크리드 - 잊혀진 사원,"ARC, Ubisoft, YEON / Tabii",9.88
https://image-comic.pstatic.net/webtoon/805437/thumbnail/thumbnail_IMAG21_b42c6ad3-4ca8-4cdb-8dfb-7671b2fea0c0.jpg,피폐물의 해피엔딩을 위하여,호,9.95
https://image-comic.pstatic.net/webtoon/821763/thumbnail/thumbnail_IMAG21_e30b6d66-4e6e-4c6f-91e8-13fa3f6f8d59.jpg,찔레꽃 그늘 아래,해람 / 홍이,9.90
https://image-comic.pstatic.net/webtoon/804469/thumbnail/thumbnail_IMAG21_4efb72af-31cd-4928-be78-3b5717ceaa14.jpg,원하나,비진,9.88
https://image-comic.pstatic.net/webtoon/812403/thumbnail/thumbnail_IMAG21_33b2a737-0fe1-41d8-b083-40220fb5c5cb.jpg,컨트롤X,사이렌 / 서클,9.53
https://image-comic.pstatic.net/webtoon/827318/thumbnail/thumbnail_IMAG21_3ef1b098-a205-4f96-977e-6ba4890790aa.jpg,두번째 신의아이,나는야사과될거야 / 쿠키빵,9.80
https://image-comic.pstatic.net/webtoon/817757/thumbnail/thumbnail_IMAG21_2c9425cc-6652-487f-90bc-f0d3e43ae130.jpg,티엔다비스 - 완벽한 구원을 위하여,삼공 / 느링 / 김영지,9.94
https://image-comic.pstatic.net/webtoon/832674/thumbnail/thumbnail_IMAG21_befdeb80-3dac-4262-83b1-623d3a3a3478.jpg,숭늉버블티,솔리,9.88
https://image-comic.pstatic.net/webtoon/834733/thumbnail/thumbnail_IMAG21_03a1f026-d63b-447e-95e4-ec04d6e0b9fa.jpg,여우별잡이,"열림, 녹원 / 은일초",9.84
https://image-comic.pstatic.net/webtoon/837308/thumbnail/thumbnail_IMAG21_f6d1df8d-ab2b-49a2-a422-7f09e7a44047.jpg,Dog한 로맨스,보현 / 문써니,9.56
https://image-comic.pstatic.net/webtoon/833414/thumbnail/thumbnail_IMAG21_aecccf16-7368-410f-ac3a-03119a87bcc4.jpg,연애복붙,석한,9.87
https://image-comic.pstatic.net/webtoon/838075/thumbnail/thumbnail_IMAG21_cfc96fee-7892-46f5-982d-161f1ad24137.jpg,Lv.99 흑염의 프린세스,징개 / 먼주 / 린지,9.57
https://image-comic.pstatic.net/webtoon/800333/thumbnail/thumbnail_IMAG21_ad783277-433e-4c2b-8fd0-42dd01f12d87.jpg,사이다걸,김드루 / 김그루,9.85
